{
  "IcoMoonType": "selection",
  "icons": [
    {
      "icon": {
        "paths": [
          "M639.795 891.597c-20.173-56.115-92.416-244.48-122.368-322.406-56.474 37.734-119.501 73.472-179.814 98.714-18.739 65.536-56.013 189.901-74.035 206.49-30.925 28.518-42.598 24.832-47.36-14.285s-24.832-165.683-24.832-165.683-110.694-62.413-145.408-80.282-34.15-30.259 2.918-49.869c21.606-11.418 149.862-4.352 217.19 0.256 44.083-48.691 98.867-96.358 153.242-137.165-62.208-55.091-212.48-188.16-257.741-226.509-39.731-33.69 4.045-40.806 4.045-40.806 19.968-3.584 62.566-6.758 83.354-0.461 129.229 39.066 329.83 105.882 376.986 121.651 18.074-12.749 37.734-26.624 59.494-42.035 240.742-170.496 301.414-132.762 312.883-116.224s25.754 87.091-214.989 257.638c-21.76 15.411-41.37 29.338-59.392 42.138-1.485 50.176-8.038 263.731-15.923 399.923-1.28 21.914-18.79 61.338-28.928 79.053-0.051-0-21.658 39.168-39.322-10.138z"
        ],
        "attrs": [],
        "isMulticolor": false,
        "isMulticolor2": false,
        "tags": [
          "aircraft"
        ],
        "grid": 20
      },
      "attrs": [],
      "properties": {
        "id": 94,
        "order": 29,
        "prevSize": 20,
        "name": "aircraft"
      },
      "setIdx": 0,
      "setId": 2,
      "iconIdx": 93
    },
    {
      "icon": {
        "paths": [
          "M1024 590.444l-512-397.426-512 397.428v-162.038l512-397.426 512 397.428zM896 576v384h-256v-256h-256v256h-256v-384l384-288z"
        ],
        "tags": [
          "home",
          "house"
        ],
        "defaultCode": 59648,
        "grid": 16,
        "attrs": []
      },
      "attrs": [],
      "properties": {
        "ligatures": "home, house",
        "name": "home",
        "order": 34,
        "id": 1,
        "prevSize": 32
      },
      "setIdx": 1,
      "setId": 1,
      "iconIdx": 0
    },
    {
      "icon": {
        "paths": [
          "M672 192l-320-128-352 128v768l352-128 320 128 352-128v-768l-352 128zM384 145.73l256 102.4v630.138l-256-102.398v-630.14zM64 236.828l256-93.090v631.8l-256 93.088v-631.798zM960 787.172l-256 93.092v-631.8l256-93.090v631.798z"
        ],
        "tags": [
          "map",
          "guide"
        ],
        "defaultCode": 59724,
        "grid": 16,
        "attrs": []
      },
      "attrs": [],
      "properties": {
        "ligatures": "map2, guide2",
        "name": "map2",
        "order": 33,
        "id": 77,
        "prevSize": 32
      },
      "setIdx": 1,
      "setId": 1,
      "iconIdx": 76
    },
    {
      "icon": {
        "width": 1152,
        "paths": [
          "M480 0v0c265.096 0 480 173.914 480 388.448s-214.904 388.448-480 388.448c-25.458 0-50.446-1.62-74.834-4.71-103.106 102.694-222.172 121.108-341.166 123.814v-25.134c64.252-31.354 116-88.466 116-153.734 0-9.106-0.712-18.048-2.030-26.794-108.558-71.214-177.97-179.988-177.97-301.89 0-214.534 214.904-388.448 480-388.448zM996 870.686c0 55.942 36.314 104.898 92 131.772v21.542c-103.126-2.318-197.786-18.102-287.142-106.126-21.14 2.65-42.794 4.040-64.858 4.040-95.47 0-183.408-25.758-253.614-69.040 144.674-0.506 281.26-46.854 384.834-130.672 52.208-42.252 93.394-91.826 122.414-147.348 30.766-58.866 46.366-121.582 46.366-186.406 0-10.448-0.45-20.836-1.258-31.168 72.57 59.934 117.258 141.622 117.258 231.676 0 104.488-60.158 197.722-154.24 258.764-1.142 7.496-1.76 15.16-1.76 22.966z"
        ],
        "tags": [
          "bubbles",
          "comments",
          "chat",
          "talk"
        ],
        "defaultCode": 59757,
        "grid": 16,
        "attrs": []
      },
      "attrs": [],
      "properties": {
        "ligatures": "bubbles2, comments2",
        "name": "bubbles2",
        "order": 32,
        "id": 110,
        "prevSize": 32
      },
      "setIdx": 1,
      "setId": 1,
      "iconIdx": 109
    },
    {
      "icon": {
        "paths": [
          "M992.262 871.396l-242.552-206.294c-25.074-22.566-51.89-32.926-73.552-31.926 57.256-67.068 91.842-154.078 91.842-249.176 0-212.078-171.922-384-384-384-212.076 0-384 171.922-384 384s171.922 384 384 384c95.098 0 182.108-34.586 249.176-91.844-1 21.662 9.36 48.478 31.926 73.552l206.294 242.552c35.322 39.246 93.022 42.554 128.22 7.356s31.892-92.898-7.354-128.22zM384 640c-141.384 0-256-114.616-256-256s114.616-256 256-256 256 114.616 256 256-114.614 256-256 256z"
        ],
        "tags": [
          "search",
          "magnifier",
          "magnifying-glass",
          "inspect",
          "find"
        ],
        "defaultCode": 59782,
        "grid": 16,
        "attrs": []
      },
      "attrs": [],
      "properties": {
        "ligatures": "search, magnifier",
        "name": "search",
        "order": 27,
        "id": 135,
        "prevSize": 32
      },
      "setIdx": 1,
      "setId": 1,
      "iconIdx": 134
    },
    {
      "icon": {
        "paths": [
          "M704 0c-176.73 0-320 143.268-320 320 0 20.026 1.858 39.616 5.376 58.624l-389.376 389.376v192c0 35.346 28.654 64 64 64h64v-64h128v-128h128v-128h128l83.042-83.042c34.010 12.316 70.696 19.042 108.958 19.042 176.73 0 320-143.268 320-320s-143.27-320-320-320zM799.874 320.126c-53.020 0-96-42.98-96-96s42.98-96 96-96 96 42.98 96 96-42.98 96-96 96z"
        ],
        "tags": [
          "key",
          "password",
          "login",
          "signin"
        ],
        "defaultCode": 59789,
        "grid": 16,
        "attrs": []
      },
      "attrs": [],
      "properties": {
        "ligatures": "key, password",
        "name": "key",
        "order": 30,
        "id": 142,
        "prevSize": 32
      },
      "setIdx": 1,
      "setId": 1,
      "iconIdx": 141
    },
    {
      "icon": {
        "paths": [
          "M192 0v1024l320-320 320 320v-1024z"
        ],
        "tags": [
          "bookmark",
          "ribbon"
        ],
        "defaultCode": 59858,
        "grid": 16,
        "attrs": []
      },
      "attrs": [],
      "properties": {
        "ligatures": "bookmark, ribbon",
        "name": "bookmark",
        "order": 28,
        "id": 211,
        "prevSize": 32
      },
      "setIdx": 1,
      "setId": 1,
      "iconIdx": 210
    }
  ],
  "height": 1024,
  "preferences": {
    "showGlyphs": true,
    "showQuickUse": true,
    "showQuickUse2": true,
    "showSVGs": true,
    "fontPref": {
      "prefix": "icon-",
      "metadata": {
        "fontFamily": "icomoon"
      },
      "metrics": {
        "emSize": 1024,
        "baseline": 6.25,
        "whitespace": 50
      },
      "embed": false
    },
    "imagePref": {
      "prefix": "icon-",
      "png": false,
      "useClassSelector": true,
      "color": 0,
      "bgColor": 16777215,
      "classSelector": ".icon",
      "name": "icomoon",
      "height": 32,
      "columns": 16,
      "margin": 16
    },
    "historySize": 50,
    "showCodes": true,
    "gridSize": 16
  }
}